spotifty id,name,artist,artist followers,genre,album,release_date,length,popularity,acousticness,danceability,energy,instrumentalness,key,liveness,loudness,mode,speechiness,tempo,time_signature,valence,pl id,pl name,pl owner
1mCW3h2KCSdfNIUmP5GSbm,Green Green Grass,George Ezra,3652133,"['folk-pop', 'modern rock', 'neo-singer-songwriter', 'pop', 'pop rock']",george ezra songs to play when the sun's out,2022-03-22,167613,50,0.0695,0.685,0.738,0.0,8,0.128,-4.413,1,0.0595,112.972,4,0.8,37i9dQZF1DX3Ogo9pFvBkY,Ambient Relaxation,Spotify
67H8U1DqJMTv9vCg7P95uR,You And I,LÉON,331544,"['metropopolis', 'pop']",You And I,2019-02-01,224063,0,0.0024,0.554,0.786,0.0,9,0.148,-4.288,1,0.0491,120.057,4,0.358,37i9dQZF1DX3Ogo9pFvBkY,Ambient Relaxation,Spotify
3nVJ4tGeLFR6HUiz3e7qAe,Happy Kids,John De Sohn,102970,"['dance pop', 'edm', 'pop dance', 'pop edm', 'swedish tropical house', 'tropical house']",Happy Kids,2018-11-09,177209,53,0.0105,0.603,0.649,0.0,11,0.243,-5.848,1,0.0476,124.073,4,0.672,37i9dQZF1DX3Ogo9pFvBkY,Ambient Relaxation,Spotify
6oJ6le65B3SEqPwMRNXWjY,Higher Love,Kygo,8030990,"['edm', 'pop', 'pop dance', 'tropical house']",Higher Love,2019-06-28,228267,75,0.0151,0.693,0.678,5.71e-06,8,0.101,-7.159,1,0.0324,103.952,4,0.404,37i9dQZF1DX3Ogo9pFvBkY,Ambient Relaxation,Spotify
7xPIlYAQvOubFllPkn8XSL,Glorious,Ella Henderson,1358495,"['dance pop', 'pop', 'pop dance', 'talent show', 'tropical house', 'uk pop']",Glorious,2019-09-13,184800,0,0.155,0.756,0.54,0.0,6,0.0551,-5.456,1,0.125,108.274,4,0.642,37i9dQZF1DX3Ogo9pFvBkY,Ambient Relaxation,Spotify
5EKiBMhzRLALeGDPdoAKkQ,One Touch,Jess Glynne,2747498,"['dance pop', 'pop', 'pop dance', 'post-teen pop', 'tropical house', 'uk pop']",One Touch,2019-05-24,197875,57,0.329,0.686,0.693,0.0,0,0.136,-6.245,0,0.131,124.206,4,0.699,37i9dQZF1DX3Ogo9pFvBkY,Ambient Relaxation,Spotify
2KpWmfFngrY4ZGTtdCQ6wW,My Girl,Jackson Penn,4697,['nyc pop'],My Girl,2019-10-04,178194,36,0.0431,0.725,0.641,0.0,1,0.314,-4.862,0,0.0517,98.023,4,0.782,37i9dQZF1DX3Ogo9pFvBkY,Ambient Relaxation,Spotify
4wNIkl5XGiAACjFBlDWuSd,What A Man Gotta Do,Jonas Brothers,6242739,"['boy band', 'dance pop', 'pop', 'post-teen pop']",What A Man Gotta Do,2020-01-17,180644,69,0.00839,0.852,0.698,1.03e-06,9,0.0773,-7.206,1,0.0629,113.039,4,0.324,37i9dQZF1DX3Ogo9pFvBkY,Ambient Relaxation,Spotify
1Boh2IpbQTkL7wLlnDZmdA,Hometown,Sheppard,263465,"['australian indie', 'australian pop', 'dance pop', 'folk-pop', 'modern rock', 'pop', 'pop dance', 'pop rock', 'tropical house']",Hometown,2018-06-01,187200,23,0.257,0.709,0.655,0.0,4,0.21,-7.831,1,0.0463,115.036,4,0.81,37i9dQZF1DX3Ogo9pFvBkY,Ambient Relaxation,Spotify
2nuOpLwdmen2BRhV2fOvXM,Winter In LA,Tadhg Daly,1676,['channel islands indie'],Winter In LA,2022-02-11,173912,39,0.111,0.704,0.721,0.0,11,0.0958,-6.016,1,0.0355,114.98,4,0.462,37i9dQZF1DX3Ogo9pFvBkY,Ambient Relaxation,Spotify
4HImpc812W2CgT8M0eWD09,high.,shades.,436,[],high.,2019-08-09,176617,0,0.0128,0.633,0.784,5.51e-06,2,0.0289,-6.841,1,0.0534,102.009,4,0.332,37i9dQZF1DX3Ogo9pFvBkY,Ambient Relaxation,Spotify
022KUgS0Q5c3MTePafMLai,Best of Me,Blake Rose,75523,"['alt z', 'australian electropop', 'electropop', 'pop']",Best of Me,2019-04-19,213123,53,0.00155,0.476,0.776,0.0,7,0.464,-6.95,1,0.173,139.969,4,0.247,37i9dQZF1DX3Ogo9pFvBkY,Ambient Relaxation,Spotify
2ntTfXxuIi3jlePOKSz26N,Risk It All,Ella Henderson,1358495,"['dance pop', 'pop', 'pop dance', 'talent show', 'tropical house', 'uk pop']",Risk It All,2021-08-20,178064,66,0.19,0.706,0.914,0.0,5,0.0886,-5.668,0,0.0615,124.03,4,0.299,37i9dQZF1DX3Ogo9pFvBkY,Ambient Relaxation,Spotify
35MKhw2YBKApmD7fAnPERC,Faith (with Dolly Parton) [feat. Mr. Probz],Galantis,3229283,"['dance pop', 'edm', 'electro house', 'pop', 'pop dance', 'tropical house']",Faith (with Dolly Parton) [feat. Mr. Probz],2019-10-25,186804,59,0.145,0.547,0.795,0.0,8,0.11,-3.721,1,0.0489,118.118,4,0.723,37i9dQZF1DX3Ogo9pFvBkY,Ambient Relaxation,Spotify
5ow0sNF1zSqp71Ix5jEXWU,Dancing in the Moonlight (feat. NEIMY),Jubël,62894,"['dance pop', 'deep house', 'pop dance', 'swedish pop', 'tropical house']",Dancing in the Moonlight (feat. NEIMY),2018-06-22,164009,60,0.27,0.659,0.617,0.0,11,0.187,-5.862,0,0.0649,119.858,4,0.187,37i9dQZF1DX3Ogo9pFvBkY,Ambient Relaxation,Spotify
6Bi4RjKB9pV8yNuexgtCky,I'll Be Alright,Chris Holsten,46020,"['norwegian indie', 'norwegian pop']",I'll Be Alright,2019-06-07,185786,47,0.298,0.761,0.636,0.0,7,0.161,-4.424,1,0.0314,100.014,4,0.718,37i9dQZF1DX3Ogo9pFvBkY,Ambient Relaxation,Spotify
73kz81vSBTPcERJlvhsYKp,Summertime,Matthew Heath,1388,[],Summertime,2019-07-01,202173,48,0.317,0.663,0.723,0.0,9,0.0777,-5.034,1,0.0246,91.969,4,0.599,37i9dQZF1DX3Ogo9pFvBkY,Ambient Relaxation,Spotify
0VrgIjDkmDwlgZk54Try2u,Little Bit Of Love,JP Cooper,760161,"['dance pop', 'neo mellow', 'pop', 'tropical house', 'uk pop']",Little Bit Of Love,2020-05-08,195452,61,0.0636,0.659,0.801,0.0,7,0.341,-4.234,1,0.0435,105.991,4,0.334,37i9dQZF1DX3Ogo9pFvBkY,Ambient Relaxation,Spotify
3O0e0LHTpza0rYVDbZfQ4r,Can We Pretend (feat. Cash Cash),P!nk,13130419,"['dance pop', 'pop']",Can We Pretend (feat. Cash Cash),2019-04-11,224360,60,0.197,0.524,0.806,0.0,1,0.101,-3.447,0,0.406,115.172,4,0.45,37i9dQZF1DX3Ogo9pFvBkY,Ambient Relaxation,Spotify
3K1vIE8FlvmEy2oCPLQ1UZ,Lady,Blake Rose,75523,"['alt z', 'australian electropop', 'electropop', 'pop']",Lady,2019-06-14,242811,51,0.0234,0.441,0.885,2.5e-06,8,0.122,-4.456,1,0.208,168.134,4,0.42,37i9dQZF1DX3Ogo9pFvBkY,Ambient Relaxation,Spotify
4PkIDTPGedm0enzdvilLNd,Sixteen,Ellie Goulding,10825685,"['dance pop', 'edm', 'electropop', 'indietronica', 'metropopolis', 'pop', 'uk pop']",Sixteen,2019-04-12,201072,62,0.268,0.669,0.801,0.0,8,0.0594,-5.445,1,0.136,109.919,4,0.541,37i9dQZF1DX3Ogo9pFvBkY,Ambient Relaxation,Spotify
3205YaV6srWWF1WmebkLdA,Love You Like That,Dagny,144764,"['dance pop', 'electropop', 'indie poptimism', 'norwegian pop', 'tropical house']",Love You Like That,2017-10-13,177946,0,0.00486,0.617,0.703,9.83e-06,8,0.136,-5.926,1,0.0472,93.987,4,0.222,37i9dQZF1DX3Ogo9pFvBkY,Ambient Relaxation,Spotify
7dLOOzJGQnsgqFcflWiEcZ,Only You,Hogland,66868,"['deep house', 'deep pop edm', 'deep tropical house', 'edm', 'pop dance', 'pop edm', 'swedish tropical house', 'tropical house']",Only You,2019-11-15,182608,44,0.193,0.565,0.732,0.0,8,0.0948,-4.354,1,0.0716,114.901,4,0.265,37i9dQZF1DX3Ogo9pFvBkY,Ambient Relaxation,Spotify
083Qf6hn6sFL6xiOHlZUyn,I'll Be There,Jess Glynne,2747498,"['dance pop', 'pop', 'pop dance', 'post-teen pop', 'tropical house', 'uk pop']",I'll Be There,2018-05-03,193923,61,0.0228,0.623,0.851,0.0,7,0.12,-3.111,1,0.0409,100.063,4,0.4,37i9dQZF1DX3Ogo9pFvBkY,Ambient Relaxation,Spotify
5nRwc9fPDqd7Ta3cQBbonP,Hello,7th & Hope,166,[],Hello,2019-12-17,162941,40,0.0196,0.71,0.791,0.0425,10,0.118,-7.515,0,0.0816,101.935,4,0.715,37i9dQZF1DX3Ogo9pFvBkY,Ambient Relaxation,Spotify
2i16GU60FIhw9k5Wix4TMB,Tell Me,Stefan Tosovic,99,[],Tell Me,2022-02-04,189913,37,0.169,0.786,0.578,0.0,0,0.0982,-12.329,1,0.148,114.975,4,0.63,37i9dQZF1DX3Ogo9pFvBkY,Ambient Relaxation,Spotify
3WKBNbYx32xlJQ0puFCnAJ,Too Good To Be True,Rhys,37456,"['norwegian pop', 'swedish pop']",Too Good To Be True,2017-09-22,201173,52,0.0991,0.669,0.656,0.0,0,0.268,-7.1,1,0.112,102.062,4,0.592,37i9dQZF1DX3Ogo9pFvBkY,Ambient Relaxation,Spotify
0mA7zotmg2ZFMRALljdZsS,Cloudy Day,Tones And I,2960767,"['australian pop', 'pop']",Cloudy Day,2021-06-10,185303,67,0.0643,0.705,0.776,2.81e-06,4,0.0246,-6.096,1,0.0445,116.011,4,0.366,37i9dQZF1DX3Ogo9pFvBkY,Ambient Relaxation,Spotify
6R6ux6KaKrhAg2EIB2krdU,Without You,Parachute,630049,"['acoustic pop', 'charlottesville indie', 'neo mellow', 'pop', 'pop rock', 'post-teen pop', 'viral pop']",Wide Awake,2016-01-15,228933,63,0.0761,0.564,0.864,0.0,4,0.182,-5.121,1,0.0341,95.984,4,0.534,37i9dQZF1DX3Ogo9pFvBkY,Ambient Relaxation,Spotify
7xOUwZR2KLFkVU8Ukils74,It's Alright,Motel 7,4265,['modern indie pop'],It's Alright,2019-06-24,147966,0,0.722,0.745,0.447,0.466,4,0.119,-9.087,1,0.034,117.967,4,0.184,37i9dQZF1DX3Ogo9pFvBkY,Ambient Relaxation,Spotify
1t492ZhMkze1qxpJsB1s7J,Until I Die,Mike Perry,1345739,"['dance pop', 'edm', 'electro house', 'pop', 'pop dance', 'pop edm', 'swedish tropical house', 'tropical house']",Until I Die,2019-12-06,166788,2,0.25,0.635,0.837,0.0,9,0.0813,-3.943,1,0.108,99.942,4,0.668,37i9dQZF1DX3Ogo9pFvBkY,Ambient Relaxation,Spotify
03vB5EsNP0tS9puS0pMn9G,I Don't,Robin Stjernberg,30779,"['europop', 'swedish pop']",I Don't,2018-09-21,194318,39,0.126,0.685,0.543,0.0,2,0.133,-5.105,0,0.0539,110.275,4,0.694,37i9dQZF1DX3Ogo9pFvBkY,Ambient Relaxation,Spotify
3gFgp6Ofp808Kc2qLQiN5e,123,Jess Glynne,2747498,"['dance pop', 'pop', 'pop dance', 'post-teen pop', 'tropical house', 'uk pop']",123,2018-09-28,190280,49,0.0901,0.707,0.674,0.0,1,0.115,-5.578,1,0.177,95.02,4,0.928,37i9dQZF1DX3Ogo9pFvBkY,Ambient Relaxation,Spotify
5LKNumPGm1bEyVroDE4rcZ,All Night Long (All Night) - Recorded at Spotify Studios Stockholm,Benjamin Ingrosso,148556,['swedish pop'],Spotify Singles,2019-03-15,188166,0,0.0106,0.649,0.718,0.000198,8,0.117,-7.101,0,0.0506,112.049,4,0.715,37i9dQZF1DX3Ogo9pFvBkY,Ambient Relaxation,Spotify
6zTKuNMEU3svBn65L6u88M,Bad Vibrations,Jesper Jenset,41402,"['norwegian indie', 'norwegian pop', 'norwegian pop rap']",Bad Vibrations,2018-09-21,199379,47,0.00417,0.768,0.589,2.67e-05,8,0.136,-8.991,0,0.0403,97.979,4,0.757,37i9dQZF1DX3Ogo9pFvBkY,Ambient Relaxation,Spotify
6iMoJ3UdrO2ZjzzcaN8Eom,Somebody,Sigala,1421142,"['dance pop', 'edm', 'pop', 'pop dance', 'tropical house']",Brighter Days,2018-09-28,238666,51,0.0916,0.679,0.849,0.0,0,0.121,-3.841,1,0.0649,100.095,4,0.683,37i9dQZF1DX3Ogo9pFvBkY,Ambient Relaxation,Spotify
1pfgsjmxVZhoZpeDx6POKv,Bones (feat. OneRepublic),Galantis,3229283,"['dance pop', 'edm', 'electro house', 'pop', 'pop dance', 'tropical house']",Bones (feat. OneRepublic),2019-01-31,205792,60,0.00463,0.658,0.804,0.0,0,0.178,-5.735,1,0.0377,120.047,4,0.508,37i9dQZF1DX3Ogo9pFvBkY,Ambient Relaxation,Spotify
4NSW0Km5ZG60L8FthUebPJ,What I Like About You (feat. Theresa Rex),Jonas Blue,3551701,"['dance pop', 'edm', 'pop', 'pop dance', 'tropical house', 'uk dance']",What I Like About You (feat. Theresa Rex),2019-03-22,220396,63,0.289,0.46,0.8,6.16e-06,1,0.121,-3.584,1,0.05,102.46,4,0.553,37i9dQZF1DX3Ogo9pFvBkY,Ambient Relaxation,Spotify
6P36aEYl4HwrDeEefZIGAF,What If I? (The Grocery Store Song),Molly Grace,2568,[],Everybody Wants to Know Molly,2021-10-22,208595,43,0.35,0.702,0.559,0.0,4,0.131,-5.491,1,0.0443,90.07,4,0.901,37i9dQZF1DX3Ogo9pFvBkY,Ambient Relaxation,Spotify
6LS5QB8GW8raREqEEQPEMs,Forgive Me Friend,Smith & Thell,80952,['swedish pop'],Forgive Me Friend,2018-08-10,216000,0,0.000927,0.589,0.783,1.12e-06,1,0.187,-6.069,1,0.0318,127.92,4,0.622,37i9dQZF1DX3Ogo9pFvBkY,Ambient Relaxation,Spotify
2VvIvkupAbdw5irMWMrI3z,Talking About Us,Lisa Børud,7578,"['barnemusikk', 'norwegian gospel']",Talking About Us,2020-01-06,180920,41,0.00526,0.762,0.576,0.0,2,0.22,-7.079,1,0.0409,108.977,4,0.441,37i9dQZF1DX3Ogo9pFvBkY,Ambient Relaxation,Spotify
0FuTx2s3YH1ppmtiM6l0zI,September Song,JP Cooper,760161,"['dance pop', 'neo mellow', 'pop', 'tropical house', 'uk pop']",September Song,2016-09-16,220290,0,0.0545,0.623,0.654,0.0,0,0.0838,-5.675,0,0.0372,95.921,4,0.401,37i9dQZF1DX3Ogo9pFvBkY,Ambient Relaxation,Spotify
0VF9jhGJ0OeLsaexfWCkW7,Wires,Spirit of the Bear,2205,['ohio indie'],Wires,2022-03-02,233186,37,0.0591,0.585,0.754,2.85e-05,1,0.697,-6.158,1,0.0358,103.972,4,0.63,37i9dQZF1DX3Ogo9pFvBkY,Ambient Relaxation,Spotify
6RMMUeYPFoOSL7lMTnMURk,Ooh La La,Josie Dunne,50985,"['alt z', 'pop soul']",Ooh La La,2019-06-28,169289,0,0.318,0.821,0.585,1.81e-05,6,0.17,-6.314,1,0.261,144.065,4,0.686,37i9dQZF1DX3Ogo9pFvBkY,Ambient Relaxation,Spotify
3Fzlg5r1IjhLk2qRw667od,Dancing in the Moonlight,Toploader,69467,['british alternative rock'],Onka's Big Moka,2000,232693,74,0.0624,0.632,0.856,0.0,10,0.347,-3.463,1,0.0348,119.397,4,0.867,37i9dQZF1DX3Ogo9pFvBkY,Ambient Relaxation,Spotify
5X73AYzzEE5Di0JwcQKt9N,Bigger Than,Justin Jesso,42968,['uk pop'],Bigger Than,2019-11-15,208013,62,0.151,0.421,0.669,0.0,4,0.635,-4.724,1,0.127,175.788,4,0.326,37i9dQZF1DX3Ogo9pFvBkY,Ambient Relaxation,Spotify
4w7aLWzTe5FmvHSbuunVsl,Somebody I'm Not,Martin Jensen,1240556,"['dance pop', 'danish electronic', 'deep house', 'edm', 'electro house', 'pop', 'pop dance', 'pop edm', 'tropical house']",Somebody I'm Not,2018-11-16,167626,40,0.198,0.73,0.728,0.0,9,0.271,-5.414,1,0.0457,100.009,4,0.775,37i9dQZF1DX3Ogo9pFvBkY,Ambient Relaxation,Spotify
1fPHyztOupqwpBYRmi5KAf,Jealous,Oliver Nelson,28735,"['new french touch', 'scandipop']",Jealous,2018-08-17,206608,41,0.327,0.949,0.755,0.00134,0,0.103,-4.975,1,0.0427,115.005,4,0.908,37i9dQZF1DX3Ogo9pFvBkY,Ambient Relaxation,Spotify
7mkm8ry8rZEzJ9C5wQZZrY,No Matter (Basic Tape vs. Frances),Basic Tape,5425,['new french touch'],No Matter (Basic Tape vs. Frances),2017-03-10,191199,45,0.0311,0.57,0.827,0.0,3,0.103,-1.933,1,0.0456,102.962,4,0.432,37i9dQZF1DX3Ogo9pFvBkY,Ambient Relaxation,Spotify
6S4rxhzx2kL8DHUGkVp1RK,All For You,The Waked,1326,['scandipop'],All For You,2019-04-19,207974,0,0.0542,0.616,0.843,0.0,0,0.115,-5.201,0,0.0596,109.974,4,0.335,37i9dQZF1DX3Ogo9pFvBkY,Ambient Relaxation,Spotify
08Bo3D8B7krvdkQKaAT7Oa,I Wouldn't Lie,Steerner,25504,"['deep pop edm', 'gaming edm', 'pop edm', 'progressive electro house']",I Wouldn't Lie,2018-05-25,168108,47,0.0453,0.609,0.763,0.0,3,0.106,-5.549,1,0.0352,116.002,4,0.43,37i9dQZF1DX3Ogo9pFvBkY,Ambient Relaxation,Spotify
0jlpHhGUFn4aAWLsRRnwep,Magnets (feat. Sophie Simmons),Sam Feldt,692379,"['dance pop', 'edm', 'electro house', 'pop', 'pop dance', 'pop edm', 'tropical house']",Magnets (feat. Sophie Simmons),2019-05-10,179016,43,0.022,0.731,0.802,0.0,5,0.059,-4.763,1,0.0623,121.991,4,0.434,37i9dQZF1DX3Ogo9pFvBkY,Ambient Relaxation,Spotify
0dRyEwPjQBxIFt0hG5vYUK,Bigger Heart,Crying Day Care Choir,9128,"['swedish folk pop', 'swedish pop']",Wilting Rooting Blooming,2018-09-21,226106,46,0.353,0.796,0.708,5.82e-06,5,0.338,-9.07,1,0.0405,125.927,4,0.753,37i9dQZF1DX3Ogo9pFvBkY,Ambient Relaxation,Spotify
5Hroj5K7vLpIG4FNCRIjbP,Best Day Of My Life,American Authors,1346466,"['indie poptimism', 'modern alternative rock', 'modern rock', 'pop', 'pop rock', 'rock']","Oh, What A Life",2014-01-01,194240,77,0.0591,0.673,0.902,0.000262,2,0.0558,-2.392,1,0.0346,100.012,4,0.538,37i9dQZF1DX3Ogo9pFvBkY,Ambient Relaxation,Spotify
2tUBqZG2AbRi7Q0BIrVrEj,I Wanna Dance with Somebody (Who Loves Me),Whitney Houston,7987658,"['dance pop', 'pop', 'urban contemporary']",Whitney,1987-06-02,291293,79,0.207,0.709,0.824,0.000307,1,0.0888,-8.824,1,0.0453,118.818,4,0.867,37i9dQZF1DX3Ogo9pFvBkY,Ambient Relaxation,Spotify
1d1Pq1VibEtroYdFevtF56,Friday,Theresa Rex,6791,['scandipop'],Friday,2020-03-20,151032,38,0.11,0.69,0.593,0.0,6,0.112,-7.257,0,0.0952,93.951,4,0.271,37i9dQZF1DX3Ogo9pFvBkY,Ambient Relaxation,Spotify
75jC2iGlGyS0f2dEkd5FE9,Love Warning,Cat Janice,953,['dc indie'],Love Warning,2022-03-18,219250,38,0.0474,0.711,0.757,0.00113,7,0.166,-7.719,0,0.0396,148.006,4,0.912,37i9dQZF1DX3Ogo9pFvBkY,Ambient Relaxation,Spotify
61fUmn6wYvU7qS62wNvQFN,Lovin' Each Day,Ronan Keating,857752,"['dance pop', 'europop', 'soft rock']",Ronan,2000-01-01,212973,57,0.0178,0.541,0.899,2.95e-06,1,0.286,-6.261,1,0.0633,106.676,4,0.829,37i9dQZF1DX3Ogo9pFvBkY,Ambient Relaxation,Spotify
0DC7Zs2qvAbNK1owWQ4mlL,Perfect to Me,Anne-Marie,9546600,"['dance pop', 'pop', 'pop dance', 'post-teen pop', 'tropical house', 'uk pop']",Perfect to Me,2018-11-02,197853,62,0.0889,0.604,0.546,0.0,8,0.0734,-5.691,1,0.151,179.847,4,0.402,37i9dQZF1DX3Ogo9pFvBkY,Ambient Relaxation,Spotify
0ND8rF8oirMXtE59n585P6,17,Julia Michaels,4412864,"['alt z', 'dance pop', 'electropop', 'pop', 'post-teen pop']",Inner Monologue Part 2,2019-06-28,182800,62,0.458,0.774,0.466,0.0,4,0.111,-6.869,1,0.0433,97.975,4,0.396,37i9dQZF1DX3Ogo9pFvBkY,Ambient Relaxation,Spotify
1oLSje4Ot5qRUq8FqYeXOl,Don’t Feel Like Crying,Sigrid,625158,"['dance pop', 'norwegian pop', 'pop']",Don't Feel Like Crying,2019-01-17,157010,50,0.156,0.749,0.814,0.0,5,0.0673,-3.769,0,0.0404,119.964,4,0.715,37i9dQZF1DX3Ogo9pFvBkY,Ambient Relaxation,Spotify
5BDmCfpzQeXT4AuxyO5ATs,I Could Get Used To This,Martin Jensen,1240556,"['dance pop', 'danish electronic', 'deep house', 'edm', 'electro house', 'pop', 'pop dance', 'pop edm', 'tropical house']",I Could Get Used To This,2019-10-04,151125,45,0.0824,0.758,0.742,0.0,1,0.0391,-5.73,1,0.043,120.964,4,0.648,37i9dQZF1DX3Ogo9pFvBkY,Ambient Relaxation,Spotify
66qlqxhEMpSHOzjRK4il0b,Castle on the Hill,Ed Sheeran,97427633,"['pop', 'uk pop']",Castle on the Hill,2017-01-06,261153,56,0.0232,0.461,0.834,1.14e-05,2,0.14,-4.868,1,0.0989,135.007,4,0.471,37i9dQZF1DX3Ogo9pFvBkY,Ambient Relaxation,Spotify
5CLGzJsGqhCEECcpnFQA8x,"These Days (feat. Jess Glynne, Macklemore & Dan Caplen)",Rudimental,1326045,"['dance pop', 'edm', 'house', 'pop', 'pop dance', 'tropical house', 'uk dance', 'uk funky']","These Days (feat. Jess Glynne, Macklemore & Dan Caplen)",2018-01-19,210772,72,0.194,0.653,0.809,0.0,0,0.165,-4.057,1,0.0474,92.213,4,0.55,37i9dQZF1DX3Ogo9pFvBkY,Ambient Relaxation,Spotify
6KIHllWoyAseCz1mrRuJ49,Admit It (You're Feeling It Too),Somaya,1612,[],Admit It (You're Feeling It Too),2022-02-17,166465,32,0.442,0.58,0.701,0.000213,9,0.155,-10.608,1,0.0391,120.101,4,0.527,37i9dQZF1DX3Ogo9pFvBkY,Ambient Relaxation,Spotify
05wIrZSwuaVWhcv5FfqeH0,Walking On Sunshine,Katrina & The Waves,68627,['new wave pop'],Katrina & The Waves,1985,238733,76,0.0116,0.596,0.869,0.173,10,0.0678,-11.97,1,0.037,109.902,4,0.944,37i9dQZF1DX3Ogo9pFvBkY,Ambient Relaxation,Spotify
0SCQFKEXoKZTD6d46GCIVB,Colors,7th & Hope,166,[],Colors,2020-08-21,202434,35,0.00476,0.647,0.725,0.000338,7,0.151,-5.765,1,0.049,115.01,4,0.356,37i9dQZF1DX3Ogo9pFvBkY,Ambient Relaxation,Spotify
6oA7NzN7FgmXv7l7Y638HL,No More,Olivera,3917,[],No More,2018-03-23,183292,40,0.072,0.796,0.571,0.00776,1,0.0812,-7.099,0,0.0526,130.983,4,0.396,37i9dQZF1DX3Ogo9pFvBkY,Ambient Relaxation,Spotify
46N5PG9fipNxlUKGVDKVQ8,Fifth Avenue,Walk Off the Earth,557053,"['canadian rock', 'pop rock']",Fifth Avenue,2018-09-28,207678,44,0.264,0.623,0.781,0.0,7,0.258,-6.806,1,0.102,87.683,4,0.829,37i9dQZF1DX3Ogo9pFvBkY,Ambient Relaxation,Spotify
2nfvybU2w0S5X6Qp2A6HA1,Headlights,Hellberg,50392,"['chillstep', 'complextro', 'edm', 'electro house', 'gaming edm', 'pop edm']",Headlights,2018-10-26,203653,40,0.00745,0.376,0.591,0.0,4,0.0866,-6.768,1,0.129,95.709,4,0.367,37i9dQZF1DX3Ogo9pFvBkY,Ambient Relaxation,Spotify
52yi5e2cmnY2YbdPtY0uXi,if i ain't got u,MÖWE,82385,"['deep house', 'deep tropical house', 'pop dance', 'pop edm', 'tropical house']",if i ain't got u,2019-02-01,194124,32,0.0694,0.757,0.667,0.0,0,0.157,-6.953,0,0.0584,119.998,4,0.665,37i9dQZF1DX3Ogo9pFvBkY,Ambient Relaxation,Spotify
4evmHXcjt3bTUHD1cvny97,Beautiful People (feat. Khalid),Ed Sheeran,97427633,"['pop', 'uk pop']",Beautiful People (feat. Khalid),2019-06-28,197866,74,0.124,0.64,0.648,0.0,5,0.0802,-8.113,0,0.187,92.977,4,0.548,37i9dQZF1DX3Ogo9pFvBkY,Ambient Relaxation,Spotify
4c2W3VKsOFoIg2SFaO6DY5,Your Song,Rita Ora,7435156,"['dance pop', 'edm', 'pop', 'pop rap', 'post-teen pop', 'tropical house', 'uk pop']",Your Song,2017-05-25,180757,63,0.158,0.855,0.624,0.0,1,0.0513,-4.093,1,0.0488,117.959,4,0.962,37i9dQZF1DX3Ogo9pFvBkY,Ambient Relaxation,Spotify
6EBlOYNcZ8MrdEov9lEdV6,Hold The Line (feat. A R I Z O N A),Avicii,21750276,"['dance pop', 'edm', 'pop', 'pop dance', 'pop rap']",TIM,2019-06-06,171785,60,0.329,0.648,0.554,2.56e-05,9,0.0803,-7.005,1,0.0341,98.045,4,0.372,37i9dQZF1DX3Ogo9pFvBkY,Ambient Relaxation,Spotify
5IKLwqBQG6KU6MP2zP80Nu,We Are Family - 1995 Remaster,Sister Sledge,519759,"['dance pop', 'disco', 'philly soul', 'post-disco', 'quiet storm', 'soul']",We Are Family (1995 Remaster),1979-02-15,216733,69,0.3,0.784,0.893,1.57e-05,7,0.272,-5.153,0,0.0923,118.738,4,0.819,37i9dQZF1DX3Ogo9pFvBkY,Ambient Relaxation,Spotify
34awK00Tgp6KW6jgxiY5mR,Closer To You (feat. Sinéad Harnett),Dan Caplen,25968,"['neo soul', 'uk contemporary r&b']",Closer To You (feat. Sinéad Harnett),2018-11-16,196117,41,0.106,0.796,0.603,0.0,4,0.125,-5.118,0,0.0379,98.011,4,0.57,37i9dQZF1DX3Ogo9pFvBkY,Ambient Relaxation,Spotify
1Hgvy8kokRufdMCTGQ5JkQ,Build Me Up Buttercup,Various Artists,78621,"['brill building pop', 'bubblegum pop', 'rock-and-roll', 'soul']",Inside Out - The Disco Revolution,2016-05-26,175072,55,0.573,0.619,0.785,8.57e-06,0,0.105,-4.615,1,0.0504,132.592,4,0.753,37i9dQZF1DX3Ogo9pFvBkY,Ambient Relaxation,Spotify
4YkQnt0L3Zz8brw3Z9WElf,Home Alone,Walk Off the Earth,557053,"['canadian rock', 'pop rock']",Home Alone,2019-09-27,177263,40,0.305,0.532,0.707,2.11e-06,11,0.374,-7.291,1,0.0461,157.845,1,0.602,37i9dQZF1DX3Ogo9pFvBkY,Ambient Relaxation,Spotify
7x8sxMcoMdzvgiPERHcqen,Always You,Andrelli,4907,['swedish pop'],Always You,2017-11-03,192986,40,0.0448,0.586,0.749,0.0,4,0.172,-4.101,0,0.0315,149.869,4,0.365,37i9dQZF1DX3Ogo9pFvBkY,Ambient Relaxation,Spotify
6KgBpzTuTRPebChN0VTyzV,Good as Hell,Lizzo,4625503,"['dance pop', 'escape room', 'minnesota hip hop', 'pop', 'trap queen']",Cuz I Love You (Super Deluxe),2019-04-17,159735,73,0.256,0.682,0.919,0.0,0,0.442,-3.18,0,0.0875,95.982,4,0.535,37i9dQZF1DX3Ogo9pFvBkY,Ambient Relaxation,Spotify
1RZWlnPjEEB3oRFEjfF4Bo,Girl Like You,bestfriend,409,[],Girl Like You,2022-01-21,157151,39,0.771,0.439,0.676,0.0571,5,0.143,-6.508,1,0.0315,110.037,4,0.508,37i9dQZF1DX3Ogo9pFvBkY,Ambient Relaxation,Spotify
3n2gA5TniaGUbonCfnUpYf,Planet,Franko Gonzo,118,[],Planet,2022-03-16,197475,36,0.00179,0.488,0.72,1.23e-05,7,0.351,-5.582,1,0.0448,102.906,4,0.227,37i9dQZF1DX3Ogo9pFvBkY,Ambient Relaxation,Spotify
5t3oszlshIPTzpAwcCMqgw,When You're Looking Like That - Single Remix,Westlife,2891461,"['boy band', 'dance pop', 'europop']",Coast To Coast (Expanded Edition),2000,232826,60,0.018,0.597,0.945,0.0,6,0.0654,-3.845,1,0.0497,147.908,4,0.939,37i9dQZF1DX3Ogo9pFvBkY,Ambient Relaxation,Spotify
01k24g94i1JvkFLQmVEdCd,If You're Over Me,Years & Years,1891399,"['dance pop', 'edm', 'electropop', 'gauze pop', 'pop', 'pop dance', 'tropical house']",If You're Over Me,2018-05-10,189000,54,0.0615,0.647,0.853,0.0,8,0.062,-4.516,1,0.0904,103.846,4,0.618,37i9dQZF1DX3Ogo9pFvBkY,Ambient Relaxation,Spotify
1lGVyEkGHUz7Pg78QGaS4a,Wanted,NOTD,232350,"['alt z', 'dance pop', 'edm', 'electro house', 'electropop', 'pop', 'pop dance', 'pop edm', 'tropical house']",Wanted,2019-09-27,160997,52,0.185,0.693,0.674,0.0,5,0.0639,-4.449,1,0.0723,95.972,4,0.378,37i9dQZF1DX3Ogo9pFvBkY,Ambient Relaxation,Spotify
6sVA6iAl2ykqzQtR4uMWcY,I'm With You,Nause,195169,"['edm', 'pop dance', 'progressive electro house', 'swedish pop']",I'm With You,2018-09-28,180937,39,0.128,0.732,0.817,0.0,5,0.346,-5.788,1,0.192,114.01,4,0.621,37i9dQZF1DX3Ogo9pFvBkY,Ambient Relaxation,Spotify
59E7kJadiZbcYhek0tEU9s,Conversation (feat. Kojo Funds),Sabina Ddumba,57558,"['swedish idol pop', 'swedish pop']",Conversation (feat. Kojo Funds),2019-08-16,232186,40,0.0366,0.592,0.567,0.0,1,0.0831,-8.209,1,0.0636,102.823,4,0.326,37i9dQZF1DX3Ogo9pFvBkY,Ambient Relaxation,Spotify
14sOS5L36385FJ3OL8hew4,Happy Now,Kygo,8030990,"['edm', 'pop', 'pop dance', 'tropical house']",Happy Now,2018-10-26,211362,68,0.374,0.693,0.575,0.0,9,0.252,-6.998,1,0.0801,117.999,4,0.492,37i9dQZF1DX3Ogo9pFvBkY,Ambient Relaxation,Spotify
4vUmTMuQqjdnvlZmAH61Qk,South of the Border (feat. Camila Cabello & Cardi B),Ed Sheeran,97427633,"['pop', 'uk pop']",No.6 Collaborations Project,2019-07-12,204466,75,0.148,0.857,0.621,0.0,9,0.0865,-6.376,0,0.0825,97.989,4,0.668,37i9dQZF1DX3Ogo9pFvBkY,Ambient Relaxation,Spotify
2aBVR2kHDFocniQ0T1DUcG,Last Time Love,Fancy Cars,9411,"['pop edm', 'progressive electro house']",Last Time Love,2017-11-10,198520,0,0.182,0.424,0.747,1.3e-05,0,0.146,-4.644,0,0.219,195.491,4,0.524,37i9dQZF1DX3Ogo9pFvBkY,Ambient Relaxation,Spotify
3dY2OHsFFN0oWYgJbrxsxl,Totally (feat. Jon Eyden),Madden,42306,"['norwegian pop', 'tropical house']",Totally (feat. Jon Eyden),2019-04-19,198156,45,0.00642,0.813,0.671,0.0,11,0.276,-6.84,1,0.0343,128.02,4,0.62,37i9dQZF1DX3Ogo9pFvBkY,Ambient Relaxation,Spotify
5siE2dsOEkxxB8GuyOxPyg,Antisocial Socialites,Kyan Palmer,9256,['la pop'],Antisocial Socialites,2019-03-07,209454,38,0.00415,0.756,0.657,2.06e-05,6,0.105,-5.513,1,0.0406,109.987,4,0.868,37i9dQZF1DX3Ogo9pFvBkY,Ambient Relaxation,Spotify
4fCAOaMs0PYL58OijKp2IS,"fuck, i’m lonely - Ofenbach Remix",Lauv,5029555,"['dance pop', 'electropop', 'pop']","fuck, i'm lonely (Ofenbach Remix)",2019-08-30,178512,0,0.0106,0.763,0.674,3.58e-06,9,0.0321,-5.146,1,0.0378,105.027,4,0.759,37i9dQZF1DX3Ogo9pFvBkY,Ambient Relaxation,Spotify
1e5quxhk6UthVq7oPxCqQQ,Coca,Georgia Box,7394,[],Coca,2019-06-28,185882,41,0.00722,0.714,0.606,5.3e-06,1,0.137,-7.46,0,0.156,101.926,4,0.315,37i9dQZF1DX3Ogo9pFvBkY,Ambient Relaxation,Spotify
2eF8pWbiivYsYRpbntYsnc,"Signed, Sealed, Delivered (I'm Yours)",Stevie Wonder,5630402,"['adult standards', 'funk', 'indie r&b', 'motown', 'quiet storm', 'soul']","Signed, Sealed And Delivered",1970-08-07,161160,73,0.0534,0.675,0.597,0.0,5,0.0986,-11.329,1,0.0337,108.875,4,0.828,37i9dQZF1DX3Ogo9pFvBkY,Ambient Relaxation,Spotify
5zA8vzDGqPl2AzZkEYQGKh,Uptown Girl,Billy Joel,4303677,"['classic rock', 'folk rock', 'mellow gold', 'piano rock', 'rock', 'singer-songwriter', 'soft rock']",An Innocent Man,1983-08-08,197706,76,0.0755,0.701,0.944,0.0,4,0.601,-2.986,1,0.0455,128.993,4,0.792,37i9dQZF1DX3Ogo9pFvBkY,Ambient Relaxation,Spotify
5iFQfP3AqVnHHS89LKQisL,Anyone For You (Tiger Lily),George Ezra,3652133,"['folk-pop', 'modern rock', 'neo-singer-songwriter', 'pop', 'pop rock']",Anyone For You (Tiger Lily),2022-01-28,187682,79,0.293,0.662,0.807,3.55e-06,10,0.189,-3.285,1,0.0411,103.031,4,0.772,37i9dQZF1DX3Ogo9pFvBkY,Ambient Relaxation,Spotify
6sPOmDulFtLzfX25zICNrC,Build Me Up Buttercup - Mono,The Foundations,78621,"['brill building pop', 'bubblegum pop', 'rock-and-roll', 'soul']",The Foundations,1968-01-01,177533,72,0.315,0.659,0.513,0.0,0,0.283,-7.186,1,0.0293,133.609,4,0.855,37i9dQZF1DX3Ogo9pFvBkY,Ambient Relaxation,Spotify
5w6TVvv71F8px5cObg2xnx,Good Time,Owl City,2228624,"['indietronica', 'modern rock', 'pop', 'pop rock']",The Midsummer Station,2012-01-01,205933,0,0.0216,0.554,0.878,5.76e-06,3,0.362,-4.271,1,0.134,126.045,4,0.682,37i9dQZF1DX3Ogo9pFvBkY,Ambient Relaxation,Spotify
6OtCIsQZ64Vs1EbzztvAv4,Good Life,OneRepublic,13667077,"['dance pop', 'piano rock', 'pop', 'pop rock']",Waking Up,2009-01-01,253306,71,0.0771,0.634,0.69,0.0,6,0.132,-7.804,1,0.052,94.988,4,0.645,37i9dQZF1DX3Ogo9pFvBkY,Ambient Relaxation,Spotify
6t3e2UfHXGVdxXJhPYj6Lg,Montania,Calma Interiore,379,[],Montania,2021-09-27,178909,66,0.88,0.213,0.0429,0.724,6,0.105,-28.484,0,0.0413,69.86,3,0.101,37i9dQZF1DX3Ogo9pFvBkY,Ambient Relaxation,Spotify
1E8X81mDNXxPlzIWGdwFmg,Ethereal,Joanna Neriah,119,[],Ethereal,2021-09-27,226833,65,0.878,0.172,0.00946,0.897,7,0.104,-34.226,1,0.0378,75.555,3,0.0343,37i9dQZF1DX3Ogo9pFvBkY,Ambient Relaxation,Spotify
6uZF7xC32ewhpsm36IaM5T,Neblinoso,Cameron Sinosa,172,['sleep'],Neblinoso,2021-09-30,234750,65,0.99,0.198,0.00582,0.914,7,0.17,-37.049,1,0.0466,73.79,4,0.0369,37i9dQZF1DX3Ogo9pFvBkY,Ambient Relaxation,Spotify
6FTI1GirXye67U41XkzR2h,Dreaminess,Miesha Berens,73,[],Dreaminess,2021-10-01,197573,62,0.97,0.0787,0.0347,0.944,7,0.0902,-30.483,1,0.0467,74.363,4,0.0388,37i9dQZF1DX3Ogo9pFvBkY,Ambient Relaxation,Spotify
1ngTQ4T37HeS0NplRUTX24,Center Of Attention,John Sentinela,23,[],Center Of Attention,2022-02-17,164698,50,0.978,0.174,0.00813,0.845,5,0.141,-33.187,0,0.0363,140.26,4,0.0525,37i9dQZF1DX3Ogo9pFvBkY,Ambient Relaxation,Spotify
3WuOYQvrHVAANn735uiw1k,After the storm,Glimmolo,87,[],Ascending,2021-10-17,221739,53,0.917,0.147,0.00695,0.959,10,0.112,-36.138,0,0.0369,139.161,1,0.0415,37i9dQZF1DX3Ogo9pFvBkY,Ambient Relaxation,Spotify
5xcgi9ta3wVzBFktltBLMo,Underview,Eldrelder,43,[],Underview,2022-02-21,110000,65,0.99,0.0705,0.00211,0.869,0,0.126,-36.18,1,0.0426,76.472,4,0.0967,37i9dQZF1DX3Ogo9pFvBkY,Ambient Relaxation,Spotify
0OXgaVgiSiuPYjPRiFSyiY,Mixture,Matt Deep,45,[],Sonorous,2021-12-20,198943,54,0.992,0.205,0.0046,0.882,3,0.101,-35.189,0,0.0408,67.784,4,0.0484,37i9dQZF1DX3Ogo9pFvBkY,Ambient Relaxation,Spotify
2FojeY4xeZC2wrwIgTDDVU,in the hide,Rossyx,121,[],hieroglyphs,2021-10-26,171208,57,0.973,0.229,0.0418,0.929,4,0.0916,-25.388,0,0.0376,68.726,4,0.0419,37i9dQZF1DX3Ogo9pFvBkY,Ambient Relaxation,Spotify
2quE9M1AL9B7T6iSjzeT0o,Aura,Zion Llama,119,[],Aura,2022-01-15,151243,66,0.976,0.138,0.00835,0.795,5,0.11,-34.968,1,0.0505,67.18,4,0.0391,37i9dQZF1DX3Ogo9pFvBkY,Ambient Relaxation,Spotify
6uFpwigsKJ1gDTaDjeabIN,Evolving Dreams,Ty Davies,17,[],Evolving Dreams,2022-02-11,187176,50,0.943,0.202,0.0116,0.949,3,0.111,-38.192,1,0.0379,72.609,4,0.0365,37i9dQZF1DX3Ogo9pFvBkY,Ambient Relaxation,Spotify
0MQm7MYFD4ZBocFv0AgS5L,Dreams Dissolving,Mathilda Skonare Karlsson,95,[],Dreams Dissolving,2022-01-14,176874,49,0.973,0.227,0.0747,0.935,2,0.103,-29.483,1,0.0388,72.484,3,0.0372,37i9dQZF1DX3Ogo9pFvBkY,Ambient Relaxation,Spotify
0SpMQOXBNSSrFD0n7xIxL4,Whalus,Hibisc,116,[],Whalus,2022-02-21,111470,58,0.983,0.198,0.00933,0.75,7,0.127,-32.029,1,0.0418,69.888,4,0.0393,37i9dQZF1DX3Ogo9pFvBkY,Ambient Relaxation,Spotify
4wGackeK3YeTnh1Mo0dB2e,Silhouettes,Lucas Delphy,1054,[],Silhouettes,2022-01-13,138973,48,0.969,0.191,0.0186,0.972,0,0.111,-30.392,1,0.0392,66.489,4,0.0393,37i9dQZF1DX3Ogo9pFvBkY,Ambient Relaxation,Spotify
4cAGCkkLv77F0VWFPkQxUG,My Heart,Bella Mie,19,[],My Heart,2022-02-13,177631,52,0.888,0.26,0.107,0.943,2,0.111,-29.449,1,0.0358,151.842,4,0.0376,37i9dQZF1DX3Ogo9pFvBkY,Ambient Relaxation,Spotify
3laOoR0JIzPzpuxYb8FATY,Aurora,fast and sea,8,[],Beginnings,2022-03-13,205026,48,0.738,0.201,0.00939,0.949,6,0.107,-25.074,1,0.0349,79.442,4,0.0381,37i9dQZF1DX3Ogo9pFvBkY,Ambient Relaxation,Spotify
4Bu9EvfqsB5nms68U50oqT,Elliptical Orbit,Velvet Garden,14,[],Elliptical Orbit,2022-01-21,188852,48,0.89,0.163,0.0432,0.742,2,0.0902,-27.892,1,0.0397,140.02,3,0.0383,37i9dQZF1DX3Ogo9pFvBkY,Ambient Relaxation,Spotify
7qZpqqLkUxYFimW4zb1sYM,Evening Unbroken,Jeff Birma,280,['sleep'],Evening Unbroken,2022-05-13,188400,33,0.899,0.0605,0.017,0.778,0,0.115,-30.016,1,0.0509,67.122,4,0.0263,37i9dQZF1DX3Ogo9pFvBkY,Ambient Relaxation,Spotify
7aK1caHaXe63BtAoIFvN2h,Still Life,De Moi,1249,['ambient guitar'],Still Life,2022-02-11,198000,48,0.943,0.165,0.0448,0.779,2,0.0912,-28.218,1,0.0426,135.893,4,0.0565,37i9dQZF1DX3Ogo9pFvBkY,Ambient Relaxation,Spotify
4WF88Pk0JMP7uOpdrd0bDL,Authentic,Chév Asto,22,[],Authentic,2022-02-13,192374,52,0.948,0.215,0.0527,0.899,0,0.0985,-29.716,1,0.0314,68.358,3,0.0462,37i9dQZF1DX3Ogo9pFvBkY,Ambient Relaxation,Spotify
5cNxtUwvAsml2dxp4zpoVa,Soft Answers,Neoline Ewing,51,[],Soft Answers,2022-01-13,203565,64,0.913,0.18,0.00261,0.819,0,0.108,-38.737,1,0.0437,74.683,1,0.0652,37i9dQZF1DX3Ogo9pFvBkY,Ambient Relaxation,Spotify
3rXBtD5ukfXblk5F1aNF4Z,Weaving Dreams,Hanna Lindgren,40,[],Weaving Dreams,2022-01-07,171365,47,0.862,0.137,0.025,0.585,3,0.109,-29.832,1,0.0574,142.233,1,0.0319,37i9dQZF1DX3Ogo9pFvBkY,Ambient Relaxation,Spotify
797PxzByzDMw8s2fpTRPuJ,Consciencia,Lidia Peralta,35,[],Consciencia,2022-02-14,166403,47,0.975,0.189,0.0194,0.868,2,0.108,-30.652,1,0.0421,142.908,4,0.141,37i9dQZF1DX3Ogo9pFvBkY,Ambient Relaxation,Spotify
4rEHRykxSQvP6mA23Umt71,In Solitude,Restorative,52,[],In Solitude,2022-03-10,151714,65,0.989,0.19,0.0124,0.878,5,0.0916,-33.75,1,0.0461,135.251,3,0.0346,37i9dQZF1DX3Ogo9pFvBkY,Ambient Relaxation,Spotify
4HeGTGqUfgIA98HEkIWTp2,apoapsis,our distant worlds,200,[],apoapsis,2021-10-28,238500,61,0.33,0.147,0.0488,0.856,1,0.0816,-30.608,0,0.0406,139.008,3,0.177,37i9dQZF1DX3Ogo9pFvBkY,Ambient Relaxation,Spotify
3Ac6RvFQVb4TMY4rjGLS2Y,Rooted,Jordan Beggs,233,[],Rooted,2022-02-18,201000,52,0.981,0.102,0.0238,0.943,1,0.175,-30.575,1,0.0404,91.031,4,0.0393,37i9dQZF1DX3Ogo9pFvBkY,Ambient Relaxation,Spotify
4LhT34N5XqFSNlNV6z9S1M,Floating Mind,Boris Rosenbaum,13,[],Floating Mind,2022-01-21,184000,46,0.815,0.18,0.0689,0.696,5,0.111,-29.969,1,0.0405,73.098,5,0.0391,37i9dQZF1DX3Ogo9pFvBkY,Ambient Relaxation,Spotify
2pMeoS1SZqigdBMxghMTbJ,Tikslingas,Teo Walter,2,[],Tikslingas,2022-04-18,211880,42,0.986,0.222,0.0312,0.838,10,0.11,-32.27,0,0.0461,66.071,3,0.0832,37i9dQZF1DX3Ogo9pFvBkY,Ambient Relaxation,Spotify
1GJb1W2u1XOC4NnTprGsGk,Essentials,River Hall,43,[],Essentials,2021-11-18,180000,55,0.894,0.143,0.0281,0.697,10,0.109,-31.761,1,0.0446,141.524,4,0.154,37i9dQZF1DX3Ogo9pFvBkY,Ambient Relaxation,Spotify
3rPFA1lIlvYgmQbblz3sDp,What Matters Most,Nathaniel Rembrandt,32,[],What Matters Most,2022-02-07,195062,65,0.988,0.15,0.00618,0.702,10,0.103,-37.04,1,0.0459,68.849,4,0.103,37i9dQZF1DX3Ogo9pFvBkY,Ambient Relaxation,Spotify
4zSOtBBAs9EyMUpNwbp6ta,Metric,Ervin Alba,45,[],Metric,2021-11-18,144782,53,0.992,0.129,0.0206,0.839,0,0.117,-31.157,0,0.038,69.581,4,0.0385,37i9dQZF1DX3Ogo9pFvBkY,Ambient Relaxation,Spotify
027030DBi749hu0tVBAFgX,Carpe Noctem,Franke Williums,97,[],Carpe Noctem,2021-11-19,183036,52,0.92,0.166,0.0139,0.893,1,0.11,-31.95,1,0.0373,110.921,4,0.0353,37i9dQZF1DX3Ogo9pFvBkY,Ambient Relaxation,Spotify
2H9IPI2Hu7ctIzPcoaACRC,Tonals,Night Songs,11,[],Tonals,2022-03-17,177038,45,0.959,0.13,0.0484,0.891,0,0.101,-24.245,1,0.0377,78.817,4,0.0374,37i9dQZF1DX3Ogo9pFvBkY,Ambient Relaxation,Spotify
4r5bGfbWE7xqjeGT6b7JqX,Pure And Simple,Edmund’s Oasis,33,[],Pure And Simple,2022-03-15,149365,45,0.911,0.104,0.0246,0.848,10,0.103,-29.921,0,0.0439,69.764,5,0.0394,37i9dQZF1DX3Ogo9pFvBkY,Ambient Relaxation,Spotify
6JMQQ8Y7ALaPBJJguEETbX,Elemental Control,Gates of Heaven,109,[],Sleep Odyssey,2021-10-16,148120,50,0.932,0.168,0.0173,0.74,2,0.0854,-30.738,1,0.0342,75.718,3,0.115,37i9dQZF1DX3Ogo9pFvBkY,Ambient Relaxation,Spotify
6pQxeKnVSxdasJR9PEfFom,For Simplicity's Sake,Chrastigel,40,[],For Simplicity's Sake,2022-02-07,116214,64,0.925,0.156,0.00743,0.892,0,0.196,-35.193,1,0.0446,133.526,3,0.0996,37i9dQZF1DX3Ogo9pFvBkY,Ambient Relaxation,Spotify
7p5F5sN8xdUSxMjUw8Kyk2,Passage,The Nowhows,89,[],Passage,2022-01-06,177758,56,0.881,0.152,0.0621,0.91,9,0.105,-30.406,0,0.05,70.965,4,0.0769,37i9dQZF1DX3Ogo9pFvBkY,Ambient Relaxation,Spotify
7ykoFQqjGcAOutbeVmg7O6,Hiatus,Lost Wings,606,['background music'],Hiatus,2022-01-21,203250,61,0.856,0.21,0.0125,0.794,0,0.112,-31.317,1,0.048,63.806,4,0.0365,37i9dQZF1DX3Ogo9pFvBkY,Ambient Relaxation,Spotify
7etqolbqNqTmybDTIN77pt,Epiphany,Aari Kumar,53,[],Epiphany,2021-12-19,172090,63,0.99,0.0907,0.0423,0.864,5,0.0973,-33.884,1,0.0316,72.341,3,0.199,37i9dQZF1DX3Ogo9pFvBkY,Ambient Relaxation,Spotify
05IatHk1cfPpJ4ZQBc4O11,Winds Of The Night,Julian Nema,2,[],Winds Of The Night,2022-04-13,154137,51,0.738,0.139,0.00993,0.984,0,0.11,-32.658,1,0.0517,97.81,4,0.0305,37i9dQZF1DX3Ogo9pFvBkY,Ambient Relaxation,Spotify
044ltj4MTVLeCHXQZX1lFO,Upwards,Aiyden,89,[],Upwards,2021-12-17,190000,50,0.957,0.177,0.0069,0.898,0,0.104,-32.83,0,0.043,70.463,3,0.0559,37i9dQZF1DX3Ogo9pFvBkY,Ambient Relaxation,Spotify
5NL5Ez564SBRCpaaxB89CP,Stillness of Mind,Taylor Dawson,108,[],Stillness of Mind,2021-10-15,188746,62,0.986,0.15,0.019,0.804,10,0.107,-35.082,1,0.0532,138.498,5,0.179,37i9dQZF1DX3Ogo9pFvBkY,Ambient Relaxation,Spotify
5ZaEcUZjrkYiHTyOUpDZow,Time-lapse,Gates of Heaven,109,[],Light Within,2022-04-21,175582,41,0.831,0.0814,0.105,0.748,7,0.075,-28.269,0,0.0408,172.391,4,0.0382,37i9dQZF1DX3Ogo9pFvBkY,Ambient Relaxation,Spotify
2XFQQ4XE7VsyBrNyIJ6DII,Stellar Constellations,X-Genie,69,['sleep'],Stellar Constellations,2022-01-20,192863,45,0.943,0.165,0.0534,0.845,10,0.0675,-29.911,1,0.0337,70.034,3,0.128,37i9dQZF1DX3Ogo9pFvBkY,Ambient Relaxation,Spotify
5OJoZKBKLoJACasfMrKrCv,Just In View,Euloria,82,['sleep'],Just In View,2021-12-09,209750,63,0.995,0.162,0.00166,0.861,9,0.0886,-36.77,1,0.0402,71.13,4,0.121,37i9dQZF1DX3Ogo9pFvBkY,Ambient Relaxation,Spotify
2tEsGZfscyYYnHF7exJFIA,Paralian,Valérian Christophe,7,[],Paralian,2022-03-24,155142,60,0.993,0.198,0.0135,0.88,0,0.0891,-33.174,1,0.0476,132.878,3,0.0368,37i9dQZF1DX3Ogo9pFvBkY,Ambient Relaxation,Spotify
1VLKeNy3qUe8MNvejjTtoy,Reticence,Fiona Kolev,79,[],Reticence,2021-10-14,153038,64,0.93,0.167,0.0169,0.875,0,0.115,-32.112,1,0.0376,67.885,4,0.0366,37i9dQZF1DX3Ogo9pFvBkY,Ambient Relaxation,Spotify
3FTgMfHOZNjSf4phnnkyhm,En Route,Rosetta Arroyo,276,['sleep'],En Route,2022-04-01,222500,46,0.985,0.176,0.0118,0.878,0,0.113,-35.155,1,0.0336,73.563,1,0.0574,37i9dQZF1DX3Ogo9pFvBkY,Ambient Relaxation,Spotify
39klOrreaNPjsYeh1zTFjh,Miraculous,Muh Re,64,[],Miraculous,2021-10-11,207857,61,0.957,0.0687,0.0153,0.855,2,0.0928,-31.261,1,0.0447,71.249,4,0.0904,37i9dQZF1DX3Ogo9pFvBkY,Ambient Relaxation,Spotify
1vDaVBhKUdQoif8v00iVgQ,Cuori Fragili,Victor Mancuso,22,[],Cuori Fragili,2022-01-20,244181,44,0.98,0.118,0.00645,0.954,9,0.0809,-33.321,0,0.0413,85.097,3,0.0786,37i9dQZF1DX3Ogo9pFvBkY,Ambient Relaxation,Spotify
6hF7fW0UptdNRovONZT3JJ,Secret Message,Clouds of Calm,587,['background music'],Secret Message,2021-10-10,179250,54,0.98,0.134,0.0362,0.834,0,0.107,-32.634,1,0.0451,67.515,5,0.0385,37i9dQZF1DX3Ogo9pFvBkY,Ambient Relaxation,Spotify
1nh7NOJDfy3oewkGM6u08b,Across The Purple Expanse,Richter Gravitas,43,[],Across The Purple Expanse,2021-12-27,134422,52,0.954,0.158,0.00867,0.904,5,0.0929,-34.619,1,0.0431,69.347,1,0.132,37i9dQZF1DX3Ogo9pFvBkY,Ambient Relaxation,Spotify
1IIJYx2RQFNrHO2X9868LD,Luminous Corridor,Elevatissimo,89,[],Luminous Corridor,2021-10-10,154800,46,0.983,0.217,0.019,0.849,9,0.105,-30.411,1,0.0387,68.914,4,0.0699,37i9dQZF1DX3Ogo9pFvBkY,Ambient Relaxation,Spotify
4eoA6gqXBqpCuCemOineDh,Dusk Sermons,Le Palade,24,[],Dusk Sermons,2022-02-17,201663,63,0.934,0.186,0.0123,0.942,3,0.112,-34.008,1,0.0442,64.416,3,0.0533,37i9dQZF1DX3Ogo9pFvBkY,Ambient Relaxation,Spotify
34BGzF27mEKSI5jnWcGJEa,Till Imorgon,Erelin Hjerta,42,[],Till Imorgon,2021-11-29,222468,48,0.985,0.18,0.022,0.887,8,0.0998,-35.467,0,0.0352,68.935,3,0.066,37i9dQZF1DX3Ogo9pFvBkY,Ambient Relaxation,Spotify
2ZUsvuyl43t1oqiwGaHMt7,Innervate,Jasmine Viola,54,[],Innervate,2021-10-05,195600,55,0.993,0.148,0.00389,0.829,7,0.108,-37.419,1,0.0425,138.012,3,0.0395,37i9dQZF1DX3Ogo9pFvBkY,Ambient Relaxation,Spotify
61JaCYZ0qRuy74Abs2VNjt,Clarity,Zoeli,37,[],Clarity,2021-12-26,184714,47,0.928,0.174,0.0533,0.608,5,0.0901,-30.803,1,0.0455,136.357,3,0.12,37i9dQZF1DX3Ogo9pFvBkY,Ambient Relaxation,Spotify
0UQw1kJHE2gSO09fpFmuNu,Moving Through Clouds,Alisa Bergman,19,[],Moving Through Clouds,2021-10-21,169200,48,0.957,0.227,0.0178,0.757,4,0.0997,-24.931,0,0.0336,69.009,4,0.0678,37i9dQZF1DX3Ogo9pFvBkY,Ambient Relaxation,Spotify
6ncThVkW6xywHK9FxZbcYD,A Mirror Appears,Ramel Alloy,32,[],A Mirror Appears,2021-12-03,123982,45,0.995,0.072,0.00556,0.912,9,0.0974,-37.107,0,0.0442,68.457,5,0.297,37i9dQZF1DX3Ogo9pFvBkY,Ambient Relaxation,Spotify
45NfL9LFXSj9WpuHkfixOR,Stillheten,Lo Enemark,41,[],Stillheten,2021-09-08,154878,62,0.993,0.0657,0.0248,0.962,0,0.133,-33.168,1,0.0483,61.736,3,0.0398,37i9dQZF1DX3Ogo9pFvBkY,Ambient Relaxation,Spotify
5MdTWbWwhsfrkvUj6lP4DW,Blue Mind,Counting Tides,102,['sleep'],Blue Mind,2021-11-11,176809,58,0.974,0.161,0.0269,0.816,10,0.101,-32.768,1,0.0708,68.482,3,0.172,37i9dQZF1DX3Ogo9pFvBkY,Ambient Relaxation,Spotify
0zJP6fC9Ql2WQuPnXBrFrL,Humanoid,Andris Vestiena,55,[],Humanoid,2021-11-11,140243,44,0.984,0.191,0.00928,0.823,10,0.108,-33.763,1,0.0414,68.606,3,0.0616,37i9dQZF1DX3Ogo9pFvBkY,Ambient Relaxation,Spotify
26lMzRXcIvEZZocZwGtu7e,An Eternity With You,Manny Chu,34,[],An Eternity With You,2021-11-30,136500,49,0.991,0.176,0.0227,0.944,5,0.0959,-30.846,1,0.0385,132.657,4,0.0534,37i9dQZF1DX3Ogo9pFvBkY,Ambient Relaxation,Spotify
1I1YHO7tw52jmXsCsXzXAT,High Beliefs,Moments of Clarity,2744,['background music'],Paradigm Shift,2020-08-09,204235,47,0.937,0.187,0.115,0.912,7,0.108,-24.73,0,0.04,65.834,4,0.0395,37i9dQZF1DX3Ogo9pFvBkY,Ambient Relaxation,Spotify
4S3rgz60bvE155xKGyCaZe,Ljung,Fjellet,26,[],Ljung,2021-11-26,120000,50,0.93,0.143,0.0599,0.782,10,0.111,-30.011,1,0.0485,71.965,3,0.115,37i9dQZF1DX3Ogo9pFvBkY,Ambient Relaxation,Spotify
3SDO8hL0wQ3Dxr6NN1CUbH,W.E.,Asa Bjorg,614,[],W.E.,2020-04-10,256125,46,0.962,0.24,0.0646,0.961,4,0.0928,-22.881,1,0.0396,120.104,4,0.0371,37i9dQZF1DX3Ogo9pFvBkY,Ambient Relaxation,Spotify
3XD6Fvynp5JlGHjj46xbXU,Halcyon Eyes,Even Massi,63,['sleep'],Retinal,2021-09-09,184000,45,0.983,0.143,0.00669,0.789,7,0.108,-33.702,1,0.0448,72.528,5,0.0742,37i9dQZF1DX3Ogo9pFvBkY,Ambient Relaxation,Spotify
11zpUtuGDKo3wpzgvzxgVe,Break Even,Jona Moon,41,[],Blue Heatwave,2021-12-03,159000,45,0.943,0.167,0.0251,0.902,2,0.115,-34.196,0,0.038,65.631,4,0.038,37i9dQZF1DX3Ogo9pFvBkY,Ambient Relaxation,Spotify
0RIJAaogvQkeFuZVPhYlma,Atmos Eleven,Atmos 11,527,[],World of Wonders,2020-01-29,227668,52,0.99,0.174,0.00449,0.934,6,0.0848,-37.192,1,0.0387,67.42,5,0.0581,37i9dQZF1DX3Ogo9pFvBkY,Ambient Relaxation,Spotify
15Q4tq0gvEelMr40CeBClA,Polaris,Stellarscopees,138,[],Polaris,2020-10-19,208192,53,0.972,0.114,0.0178,0.906,3,0.102,-31.477,1,0.0455,74.448,4,0.0769,37i9dQZF1DX3Ogo9pFvBkY,Ambient Relaxation,Spotify
4IBQllOXx6Ct9Bidmj3yyF,Deep Down The Cave,Xavier Ortando,207,['sleep'],Deep Down The Cave,2021-09-23,194400,64,0.976,0.207,0.046,0.815,5,0.114,-30.398,1,0.0377,70.308,4,0.0712,37i9dQZF1DX3Ogo9pFvBkY,Ambient Relaxation,Spotify
3o9ntzrGGcWTf455Cotank,Bid to Wonder,Reinstallation Conundrum,40,[],Sochi,2021-09-19,191440,62,0.94,0.142,0.0198,0.933,5,0.101,-32.761,1,0.0456,75.888,4,0.0295,37i9dQZF1DX3Ogo9pFvBkY,Ambient Relaxation,Spotify
2qM47jrxKy5t0W4VLLHxW1,New World Pioneer,Dries Wold,13,['sleep'],New World Pioneer,2022-01-14,185640,47,0.983,0.0837,0.00843,0.938,10,0.0969,-30.728,1,0.0417,76.987,3,0.0544,37i9dQZF1DX3Ogo9pFvBkY,Ambient Relaxation,Spotify
1pfYu9JKsojWVnmb5J9Xc0,Soluma,Aidin,186,[],Soluma,2021-09-16,224364,49,0.984,0.0953,0.00497,0.934,10,0.168,-34.801,1,0.0386,172.927,5,0.0393,37i9dQZF1DX3Ogo9pFvBkY,Ambient Relaxation,Spotify
1EVG8oKkYocWnjot9oPZHB,Soul Connect,Elise Magnefold,2422,['background music'],Soul Connect,2021-09-21,196491,60,0.931,0.167,0.0783,0.917,9,0.078,-26.665,0,0.039,139.731,3,0.0327,37i9dQZF1DX3Ogo9pFvBkY,Ambient Relaxation,Spotify
0sHAK04QYBqPdPL5BUP4aS,Abditory,Natalie Carlton,83,[],Abditory,2021-09-16,147702,52,0.973,0.141,0.00176,0.832,5,0.101,-37.965,1,0.0469,71.361,1,0.0383,37i9dQZF1DX3Ogo9pFvBkY,Ambient Relaxation,Spotify
5OhMr3bntCGijbYyib6rJp,Nocturnal Vibes,Aron Joyce,14,[],Nocturnal Vibes,2021-09-20,198333,50,0.994,0.12,0.00169,0.863,11,0.103,-36.33,1,0.0363,93.728,4,0.119,37i9dQZF1DX3Ogo9pFvBkY,Ambient Relaxation,Spotify
0ZGteveKS9XMCxDtjehnG3,Take Me Home,Gemma Casimaty,1025,[],Take Me Home,2021-12-30,209500,46,0.981,0.139,0.0161,0.768,8,0.108,-37.554,0,0.0387,70.326,3,0.111,37i9dQZF1DX3Ogo9pFvBkY,Ambient Relaxation,Spotify
5jKGlvcYrkQjoqwvAtMZ70,Etheral Ease,Imperial Atlas,120,[],Etheral Ease,2021-09-13,195494,63,0.991,0.143,0.0316,0.964,2,0.108,-30.065,1,0.0403,100.669,3,0.0857,37i9dQZF1DX3Ogo9pFvBkY,Ambient Relaxation,Spotify
2tSUPdYj7CcdiQHrHgqmjZ,Centered,EON NOIRE,912,['background music'],Centered,2020-03-31,183000,49,0.991,0.182,0.00165,0.943,5,0.0843,-36.224,1,0.0529,68.439,3,0.229,37i9dQZF1DX3Ogo9pFvBkY,Ambient Relaxation,Spotify
7oZCirsU9Gx3ipUMWpkQKb,Underwater Manifestations,Heartbeat Sirens,586,[],Underwater Manifestations,2021-09-12,192000,47,0.942,0.157,0.0183,0.811,1,0.112,-29.983,1,0.056,140.809,4,0.0357,37i9dQZF1DX3Ogo9pFvBkY,Ambient Relaxation,Spotify
1pyjUJ03bvKKsPojBFeEQi,Floating,Alma Meris,256,['background music'],Floating,2021-04-19,178000,44,0.893,0.174,0.0598,0.737,9,0.0751,-27.38,0,0.0346,63.728,4,0.0383,37i9dQZF1DX3Ogo9pFvBkY,Ambient Relaxation,Spotify
5NSXFCjsmReRJzuPl6vNrQ,Circadian,Jeila Sander,36,[],Circadian,2021-04-20,175329,43,0.96,0.284,0.00842,0.897,2,0.0823,-35.578,1,0.0352,69.899,4,0.0373,37i9dQZF1DX3Ogo9pFvBkY,Ambient Relaxation,Spotify
5cbkiCRy1LVLiAl1q64n2S,Wanderstar,Amel Scott,132,[],Aphelion,2021-09-08,160511,65,0.988,0.271,0.045,0.843,10,0.108,-30.262,1,0.0417,71.13,4,0.0415,37i9dQZF1DX3Ogo9pFvBkY,Ambient Relaxation,Spotify
1XhhBtMKmNGM4yfgMZQVxf,Deep breaths,Jirou Soller,68,['sleep'],Deep breaths,2021-04-22,131666,63,0.918,0.195,0.0118,0.887,1,0.114,-36.005,1,0.0384,71.44,1,0.0329,37i9dQZF1DX3Ogo9pFvBkY,Ambient Relaxation,Spotify
2SjBRxCVMi41VzalD8WQBP,Devotion,Aurelin,21,['sleep'],Devotion,2021-08-08,147236,43,0.972,0.221,0.00651,0.914,9,0.111,-36.272,0,0.0349,70.828,3,0.057,37i9dQZF1DX3Ogo9pFvBkY,Ambient Relaxation,Spotify
36JZbTsvp44NkViBfn5o0o,Neblina,Valentinah Garcia,1,[],Neblina,2022-04-05,143529,42,0.941,0.212,0.0279,0.597,3,0.105,-29.587,0,0.0437,72.204,3,0.0764,37i9dQZF1DX3Ogo9pFvBkY,Ambient Relaxation,Spotify
395VlKRtLopomEXtjYSDsz,Quiet Awareness,Yonah Stana,57,[],Quiet Awareness,2021-08-27,181132,62,0.992,0.123,0.0156,0.867,0,0.123,-30.877,1,0.0512,177.449,3,0.0358,37i9dQZF1DX3Ogo9pFvBkY,Ambient Relaxation,Spotify
5BDIKKycvDRRpJGG76cg0n,Connection,Benny Dawn,53,[],Connection,2021-08-27,144562,53,0.907,0.247,0.0134,0.93,9,0.101,-32.056,1,0.0416,87.482,4,0.0875,37i9dQZF1DX3Ogo9pFvBkY,Ambient Relaxation,Spotify
1GF0zNrSjuQiw2Y16cYqnW,The Gift,Laura Dawson,30,[],The Gift,2021-08-06,173333,53,0.956,0.0688,0.0403,0.798,0,0.123,-27.547,1,0.0622,73.226,4,0.251,37i9dQZF1DX3Ogo9pFvBkY,Ambient Relaxation,Spotify
6S0hwfRH6W5iLbAXl3cmB4,Vivante,Darcel Gau,97,[],Vivante,2020-09-24,133719,45,0.974,0.178,0.00708,0.811,4,0.11,-34.992,0,0.0377,73.448,4,0.0512,37i9dQZF1DX3Ogo9pFvBkY,Ambient Relaxation,Spotify
5dhj9EMLIeq5R1zEo3PSni,Versuchen,Leo Baumgart,104,['sleep'],Versuchen,2021-06-10,136654,62,0.973,0.12,0.0082,0.897,0,0.111,-34.09,1,0.0396,77.165,4,0.0615,37i9dQZF1DX3Ogo9pFvBkY,Ambient Relaxation,Spotify
4gpqUShgtvlOZbtcVLjBM0,Sunset,Vera Martin,89,[],Sunset,2021-01-01,201761,54,0.991,0.0646,0.00223,0.92,7,0.0903,-29.924,1,0.0489,64.568,5,0.126,37i9dQZF1DX3Ogo9pFvBkY,Ambient Relaxation,Spotify
4pcp7p5lioqQ6996nyjdd5,Solar Eclipse,Tejal Yann,3393,['background music'],Solar Eclipse,2021-09-03,241994,47,0.965,0.0855,0.0411,0.954,5,0.0933,-29.711,1,0.0553,83.632,3,0.0401,37i9dQZF1DX3Ogo9pFvBkY,Ambient Relaxation,Spotify
5f3WC3rzG1MAZrxODeYrll,Not Giving Up,Agnes Sayjno,50,[],Not Giving Up,2021-09-06,297062,44,0.993,0.287,0.00675,0.919,11,0.118,-33.798,1,0.0324,80.109,3,0.0885,37i9dQZF1DX3Ogo9pFvBkY,Ambient Relaxation,Spotify
6LT6ucr7adcngXzRlUdvgz,Kustlijnen,Ebba Dekker,41,[],Kustlijnen,2021-09-02,154481,53,0.963,0.154,0.00683,0.946,9,0.101,-35.901,1,0.0405,137.0,4,0.15,37i9dQZF1DX3Ogo9pFvBkY,Ambient Relaxation,Spotify
3ciI0W5tW7zBPWEglpc3fR,One Path,Aster,129,[],One Path,2020-09-26,129391,45,0.957,0.182,0.0384,0.9,5,0.158,-27.802,0,0.0434,114.865,4,0.0429,37i9dQZF1DX3Ogo9pFvBkY,Ambient Relaxation,Spotify
1Ix5PP41jAMMeVHXpoSOv0,Waiting,Dian Giles,101,[],Waiting,2021-01-15,180500,46,0.809,0.0771,0.00362,0.946,2,0.112,-32.278,1,0.0515,172.013,5,0.214,37i9dQZF1DX3Ogo9pFvBkY,Ambient Relaxation,Spotify
0GcOiTelzsYoFLRdmQxvjA,Kaip Angelai,Aida Lukša,66,[],Kaip Angelai,2021-02-05,181075,42,0.892,0.187,0.0358,0.926,1,0.114,-26.845,1,0.0417,69.49,3,0.0795,37i9dQZF1DX3Ogo9pFvBkY,Ambient Relaxation,Spotify
0WT8VyxSXvV9P39lRYE8TE,Cloches d'Arbres,Auricz,35,[],Cloches d'Arbres,2020-12-16,190909,42,0.964,0.0789,0.044,0.777,2,0.0769,-26.662,0,0.0401,174.851,3,0.0528,37i9dQZF1DX3Ogo9pFvBkY,Ambient Relaxation,Spotify
